filename,width,height,class,xmin,ymin,xmax,ymax
images (22).png,278,181,bindweed,39,53,85,89
images (22).png,278,181,bindweed,108,35,150,78
images (22).png,278,181,bindweed,188,48,228,88
images (22).png,278,181,bindweed,187,82,229,117
images (22).png,278,181,bindweed,162,105,211,155
images (22).png,278,181,bindweed,129,82,171,121
images (22).png,278,181,bindweed,99,125,142,171
01203_orig (1).png,2034,2444,bull thistle,827,720,1122,1038
01203_orig (1).png,2034,2444,bull thistle,1540,561,1786,871
01203_orig (1).png,2034,2444,bull thistle,1055,58,1263,320
01203_orig (1).png,2034,2444,bull thistle,304,425,424,556
01203_orig (1).png,2034,2444,bull thistle,275,733,563,1058
image8.png,320,240,dandelion yellow,127,87,198,157
image8.png,320,240,clover,36,112,73,150
image8.png,320,240,clover,41,158,82,198
image8.png,320,240,clover,90,124,132,163
image8.png,320,240,clover,10,63,63,112
image8.png,320,240,clover,2,126,44,164
image8.png,320,240,clover,19,196,57,235
image8.png,320,240,clover,99,159,146,205
image8.png,320,240,clover,262,157,300,197
image8.png,320,240,clover,209,107,244,139
image8.png,320,240,clover,214,25,278,83
image8.png,320,240,clover,111,59,154,98
image8.png,320,240,clover,147,68,182,99
image8.png,320,240,clover,194,48,234,87
image8.png,320,240,clover,111,1,154,32
image8.png,320,240,clover,76,44,122,85
image8.png,320,240,clover,259,197,300,235
field_bindweed.png,750,635,bindweed,523,196,662,292
field_bindweed.png,750,635,bindweed,537,353,666,484
field_bindweed.png,750,635,bindweed,163,314,251,404
field_bindweed.png,750,635,bindweed,54,355,147,429
field_bindweed.png,750,635,bindweed,385,223,473,307
field_bindweed.png,750,635,bindweed,82,283,168,341
field_bindweed.png,750,635,bindweed,74,260,160,318
field_bindweed.png,750,635,bindweed,140,124,229,196
image75.png,320,253,dandelion yellow,106,21,218,130
image75.png,320,253,dandelion yellow,121,148,208,235
image75.png,320,253,dandelion yellow,205,216,298,253
image75.png,320,253,dandelion yellow,28,151,104,235
88.png,567,319,clover blossom purple,76,28,250,218
88.png,567,319,clover blossom purple,258,75,417,236
image393.png,320,213,dandelion yellow,34,71,104,124
image393.png,320,213,dandelion yellow,59,23,131,78
image393.png,320,213,dandelion yellow,158,1,250,41
image393.png,320,213,dandelion yellow,230,24,320,82
image393.png,320,213,dandelion yellow,190,73,294,121
Bull-thistle-flower.png,2187,1942,bull thistle,101,346,834,1428
image327.png,240,180,dandelion yellow,112,7,184,65
image327.png,240,180,dandelion yellow,23,29,162,151
image487.png,320,240,dandelion yellow,141,114,305,222
image340.png,240,159,dandelion white,124,39,187,96
1235optimized.png,825,550,bindweed,240,191,333,279
1235optimized.png,825,550,bindweed,202,262,296,365
images (9).png,259,194,bull thistle,85,18,127,91
images (9).png,259,194,bull thistle,124,44,178,98
images (9).png,259,194,bull thistle,153,83,200,120
images (9).png,259,194,bull thistle,115,97,173,141
image2.png,180,240,dandelion white,70,108,107,143
128.png,400,286,clover blossom white,145,103,228,185
128.png,400,286,clover blossom white,218,1,281,54
128.png,400,286,clover blossom white,132,1,204,65
128.png,400,286,clover blossom white,79,82,121,123
128.png,400,286,clover blossom white,2,90,73,177
128.png,400,286,clover blossom white,59,158,135,232
128.png,400,286,clover blossom white,373,87,400,154
128.png,400,286,clover blossom white,178,57,210,87
128.png,400,286,clover blossom white,73,51,117,81
128.png,400,286,clover blossom white,39,79,80,121
128.png,400,286,clover blossom white,89,242,117,273
128.png,400,286,clover,163,197,231,269
128.png,400,286,clover,257,161,310,223
128.png,400,286,clover,264,95,336,162
128.png,400,286,clover,314,66,400,143
128.png,400,286,clover,179,67,251,124
128.png,400,286,clover,4,226,71,280
128.png,400,286,clover,192,224,274,286
380605.png,384,288,bull thistle,96,151,171,231
380605.png,384,288,bull thistle,76,59,127,111
380605.png,384,288,bull thistle,184,52,240,111
Field-Bindweed1.png,1180,902,bindweed,123,203,371,438
download.png,259,194,yellow wood sorrel,125,52,148,74
download.png,259,194,yellow wood sorrel,207,61,225,80
download.png,259,194,yellow wood sorrel,222,133,237,151
download.png,259,194,yellow wood sorrel,18,175,35,192
download.png,259,194,yellow wood sorrel,2,65,16,80
download.png,259,194,yellow wood sorrel,94,48,112,60
download.png,259,194,clover,11,93,59,143
download.png,259,194,clover,57,131,99,181
download.png,259,194,clover,107,136,160,187
download.png,259,194,clover,179,136,231,187
download.png,259,194,clover,101,74,148,120
download.png,259,194,clover,63,28,106,74
download.png,259,194,clover,143,5,193,48
image774.png,320,241,dandelion white,99,32,318,233
image104.png,320,240,dandelion white,103,65,193,147
images (10).png,259,194,bull thistle,141,28,258,150
images (18).png,275,183,bull thistle,20,65,117,153
images (18).png,275,183,bull thistle,135,62,250,134
image569.png,320,240,dandelion yellow,95,40,244,181
images (12).png,199,254,bull thistle,1,1,32,107
images (12).png,199,254,bull thistle,92,43,192,150
images (1).png,371,136,yellow wood sorrel,95,74,140,120
images (1).png,371,136,yellow wood sorrel,3,66,37,100
images (1).png,371,136,yellow wood sorrel,227,4,269,52
images (1).png,371,136,yellow wood sorrel,293,27,347,80
images (1).png,371,136,clover,202,51,262,110
images (1).png,371,136,clover,305,75,370,136
images (1).png,371,136,clover,130,82,194,136
image377.png,240,180,dandelion white,84,49,160,115
thistle-ok00hmvg4nh7vp792c30w9fa993qtu8uf3u5mvuc5c.png,400,300,bull thistle,217,111,303,199
thistle-ok00hmvg4nh7vp792c30w9fa993qtu8uf3u5mvuc5c.png,400,300,bull thistle,276,7,315,50
thistle-ok00hmvg4nh7vp792c30w9fa993qtu8uf3u5mvuc5c.png,400,300,bull thistle,127,53,167,94
thistle-ok00hmvg4nh7vp792c30w9fa993qtu8uf3u5mvuc5c.png,400,300,bull thistle,67,182,105,218
thistle-ok00hmvg4nh7vp792c30w9fa993qtu8uf3u5mvuc5c.png,400,300,bull thistle,333,111,364,148
thistle-ok00hmvg4nh7vp792c30w9fa993qtu8uf3u5mvuc5c.png,400,300,bull thistle,337,158,400,236
thistle-ok00hmvg4nh7vp792c30w9fa993qtu8uf3u5mvuc5c.png,400,300,bull thistle,213,264,238,287
thistle-ok00hmvg4nh7vp792c30w9fa993qtu8uf3u5mvuc5c.png,400,300,bull thistle,303,216,320,234
100981266.png,448,448,yellow wood sorrel,140,62,201,118
100981266.png,448,448,yellow wood sorrel,52,171,89,207
100981266.png,448,448,yellow wood sorrel,128,218,178,263
100981266.png,448,448,yellow wood sorrel,224,239,272,290
100981266.png,448,448,yellow wood sorrel,301,200,362,252
100981266.png,448,448,yellow wood sorrel,375,262,430,315
100981266.png,448,448,yellow wood sorrel,7,1,56,22
100981266.png,448,448,clover,279,77,370,164
100981266.png,448,448,clover,92,104,185,198
100981266.png,448,448,clover,143,299,228,374
100981266.png,448,448,clover,137,377,231,448
100981266.png,448,448,clover,280,282,356,366
100981266.png,448,448,clover,363,374,448,447
100981266.png,448,448,clover,56,253,144,346
100981266.png,448,448,clover,63,339,153,448
download (2).png,300,168,yellow wood sorrel,101,41,134,78
download (2).png,300,168,yellow wood sorrel,126,56,157,87
download (2).png,300,168,yellow wood sorrel,239,30,270,64
download (2).png,300,168,yellow wood sorrel,225,141,258,168
download (2).png,300,168,yellow wood sorrel,109,127,145,164
download (2).png,300,168,yellow wood sorrel,7,84,42,116
download (2).png,300,168,clover,42,33,94,78
download (2).png,300,168,clover,170,105,218,151
download (2).png,300,168,clover,225,71,273,116
download (2).png,300,168,clover,74,76,115,112
image515.png,320,240,dandelion white,108,16,317,208
images (3).png,209,241,clover,88,126,117,158
images (3).png,209,241,yellow wood sorrel,120,118,149,151
images (3).png,209,241,yellow wood sorrel,145,114,175,149
images (3).png,209,241,yellow wood sorrel,156,180,174,198
images (3).png,209,241,yellow wood sorrel,23,110,54,147
images (3).png,209,241,yellow wood sorrel,62,41,100,78
image62.png,320,240,dandelion yellow,82,63,246,207
image62.png,320,240,dandelion yellow,47,13,116,75
image62.png,320,240,dandelion yellow,1,107,52,198
49.png,300,200,clover blossom white,15,86,55,131
49.png,300,200,clover blossom white,96,87,122,104
49.png,300,200,clover,77,116,122,158
49.png,300,200,clover,116,106,165,161
49.png,300,200,clover,167,129,197,158
49.png,300,200,clover,168,168,206,198
49.png,300,200,clover,210,74,256,125
49.png,300,200,clover,239,19,277,59
49.png,300,200,clover,73,7,120,49
49.png,300,200,clover,142,18,175,57
49.png,300,200,clover,176,48,205,74
49.png,300,200,clover,41,45,86,85
49.png,300,200,clover,24,161,65,200
49.png,300,200,clover,94,160,140,199
49.png,300,200,clover,109,45,136,79
download (8).png,256,197,bull thistle,22,6,92,108
images (14).png,194,259,bull thistle,31,128,63,167
images (14).png,194,259,bull thistle,115,85,134,112
images (14).png,194,259,bull thistle,35,103,63,130
images (14).png,194,259,bull thistle,59,85,73,110
images (14).png,194,259,bull thistle,21,94,36,125
images (14).png,194,259,bull thistle,1,180,25,208
images (14).png,194,259,bull thistle,147,147,166,178
creeping-wood-sorrel.png,700,470,yellow wood sorrel,294,124,351,184
creeping-wood-sorrel.png,700,470,yellow wood sorrel,470,19,512,66
creeping-wood-sorrel.png,700,470,clover,323,203,414,294
creeping-wood-sorrel.png,700,470,clover,251,329,347,432
creeping-wood-sorrel.png,700,470,clover,368,353,429,419
creeping-wood-sorrel.png,700,470,clover,519,326,584,397
creeping-wood-sorrel.png,700,470,clover,429,222,485,275
creeping-wood-sorrel.png,700,470,clover,1,219,133,351
creeping-wood-sorrel.png,700,470,clover,68,281,222,424
creeping-wood-sorrel.png,700,470,clover,389,303,447,369
creeping-wood-sorrel.png,700,470,clover,422,347,489,427
creeping-wood-sorrel.png,700,470,clover,485,130,569,198
creeping-wood-sorrel.png,700,470,clover,552,203,601,246
creeping-wood-sorrel.png,700,470,clover,476,241,547,309
creeping-wood-sorrel.png,700,470,clover,602,299,655,343
creeping-wood-sorrel.png,700,470,clover,554,276,610,331
118.png,480,360,clover,117,53,203,137
118.png,480,360,clover,20,172,109,264
118.png,480,360,clover,186,140,273,222
118.png,480,360,clover,106,242,183,335
118.png,480,360,clover,200,250,296,347
118.png,480,360,clover,336,253,429,348
118.png,480,360,clover,118,53,203,138
118.png,480,360,clover,6,65,84,141
118.png,480,360,clover,349,9,428,91
118.png,480,360,clover,219,16,300,83
118.png,480,360,yellow wood sorrel,233,97,274,136
118.png,480,360,yellow wood sorrel,383,114,419,146
118.png,480,360,yellow wood sorrel,411,246,439,278
118.png,480,360,yellow wood sorrel,172,87,206,113
118.png,480,360,yellow wood sorrel,6,119,32,150
118.png,480,360,yellow wood sorrel,34,325,66,358
image210.png,320,240,dandelion white,70,103,132,165
image210.png,320,240,dandelion white,91,7,150,62
image210.png,320,240,dandelion white,199,84,272,154
image210.png,320,240,dandelion white,192,144,240,189
image210.png,320,240,dandelion white,288,1,320,18
image210.png,320,240,dandelion yellow,151,84,174,106
images (17).png,255,198,bull thistle,103,15,214,143
images (15).png,194,259,bull thistle,49,88,106,176
images (15).png,194,259,bull thistle,88,56,159,176
images (15).png,194,259,bull thistle,158,5,194,74
morningglorypair2.png,1995,2584,bindweed,591,798,1313,1517
morningglorypair2.png,1995,2584,bindweed,1124,579,1702,1179
image177.png,180,240,dandelion white,59,93,115,145
image177.png,180,240,dandelion white,62,141,116,194
img_2458-600x470.png,600,470,bindweed,132,220,207,297
img_2458-600x470.png,600,470,bindweed,257,115,365,214
img_2458-600x470.png,600,470,bindweed,303,182,409,285
img_2458-600x470.png,600,470,bindweed,368,256,475,357
1117optimized.png,750,505,bindweed,207,59,294,154
1117optimized.png,750,505,bindweed,292,162,390,262
1117optimized.png,750,505,bindweed,219,232,306,317
13.png,1280,720,clover,465,122,644,310
13.png,1280,720,clover,733,248,880,395
13.png,1280,720,clover,447,401,579,540
13.png,1280,720,clover,179,104,305,246
13.png,1280,720,clover,744,472,914,660
13.png,1280,720,clover,555,428,680,540
13.png,1280,720,clover,483,561,614,690
13.png,1280,720,clover,296,158,436,281
13.png,1280,720,clover,893,617,1035,720
13.png,1280,720,clover,1130,251,1223,342
13.png,1280,720,clover,952,5,1141,164
13.png,1280,720,clover,999,142,1164,295
13.png,1280,720,clover,624,66,758,195
13.png,1280,720,clover,744,111,902,234
13.png,1280,720,clover,274,496,399,608
13.png,1280,720,clover,296,2,430,77
images (11).png,276,183,bull thistle,91,41,151,110
images (11).png,276,183,bull thistle,140,71,206,150
image365.png,500,322,dandelion yellow,329,42,370,74
image365.png,500,322,dandelion yellow,420,78,467,107
image365.png,500,322,dandelion yellow,301,46,337,76
image365.png,500,322,dandelion yellow,238,33,266,57
image365.png,500,322,dandelion yellow,177,27,218,55
image365.png,500,322,dandelion yellow,180,89,225,124
image365.png,500,322,dandelion yellow,232,159,285,202
image365.png,500,322,dandelion yellow,191,151,239,188
image365.png,500,322,dandelion yellow,137,168,190,212
image365.png,500,322,dandelion yellow,207,200,263,251
image365.png,500,322,dandelion yellow,459,76,497,112
image365.png,500,322,dandelion yellow,26,169,81,217
image365.png,500,322,dandelion yellow,4,143,58,183
image365.png,500,322,dandelion yellow,18,77,76,120
image365.png,500,322,dandelion yellow,89,35,146,73
images (5).png,275,183,yellow wood sorrel,96,71,112,86
images (5).png,275,183,yellow wood sorrel,194,43,206,55
images (5).png,275,183,clover,222,87,242,106
images (5).png,275,183,clover,223,63,241,77
images (5).png,275,183,clover,131,83,151,101
images (5).png,275,183,clover,176,129,199,151
42.png,703,1000,clover blossom white,127,149,204,204
42.png,703,1000,clover blossom white,414,266,495,328
42.png,703,1000,clover blossom white,588,634,690,716
42.png,703,1000,clover blossom white,359,851,505,978
42.png,703,1000,clover blossom white,573,774,657,895
42.png,703,1000,clover blossom white,231,410,404,578
42.png,703,1000,clover blossom white,139,562,274,673
42.png,703,1000,clover blossom white,122,665,242,766
42.png,703,1000,clover,1,709,158,897
42.png,703,1000,clover,1,326,151,461
42.png,703,1000,clover,462,419,630,546
42.png,703,1000,clover,96,136,282,303
42.png,703,1000,clover,379,609,594,805
42.png,703,1000,clover,150,846,301,1000
42.png,703,1000,clover,221,311,358,417
42.png,703,1000,clover,235,2,412,133
image511.png,320,240,dandelion white,69,12,273,231
image42.png,500,375,dandelion white,104,74,331,301
images (20).png,254,199,bindweed,55,45,95,78
images (20).png,254,199,bindweed,127,49,170,91
images (20).png,254,199,bindweed,127,85,187,132
Oxalis-stricta-11E.png,530,800,yellow wood sorrel,85,377,136,411
Oxalis-stricta-11E.png,530,800,yellow wood sorrel,152,250,185,288
Oxalis-stricta-11E.png,530,800,yellow wood sorrel,97,216,138,255
Oxalis-stricta-11E.png,530,800,yellow wood sorrel,306,187,338,227
Oxalis-stricta-11E.png,530,800,yellow wood sorrel,435,229,471,274
Oxalis-stricta-11E.png,530,800,yellow wood sorrel,82,482,115,514
Oxalis-stricta-11E.png,530,800,yellow wood sorrel,490,431,530,482
Oxalis-stricta-11E.png,530,800,clover,136,457,255,563
Oxalis-stricta-11E.png,530,800,clover,237,461,337,553
Oxalis-stricta-11E.png,530,800,clover,341,530,481,664
Oxalis-stricta-11E.png,530,800,clover,237,288,352,394
Oxalis-stricta-11E.png,530,800,clover,143,370,247,465
Oxalis-stricta-11E.png,530,800,clover,299,347,405,435
Oxalis-stricta-11E.png,530,800,clover,327,416,442,520
Oxalis-stricta-11E.png,530,800,clover,180,35,299,129
download (9).png,310,163,bindweed,124,1,144,12
download (9).png,310,163,bindweed,130,12,147,31
download (9).png,310,163,bindweed,137,118,158,142
download (9).png,310,163,bindweed,161,119,179,144
image283.png,240,180,dandelion yellow,90,60,152,133
download (3).png,255,198,clover,23,102,133,198
download (3).png,255,198,clover,3,6,97,96
download (3).png,255,198,clover,157,27,249,116
download (3).png,255,198,yellow wood sorrel,111,13,166,68
download (3).png,255,198,yellow wood sorrel,88,65,134,112
image968.png,500,274,dandelion white,267,19,397,144
image968.png,500,274,dandelion yellow,377,183,500,260
image968.png,500,274,dandelion yellow,231,168,347,229
image968.png,500,274,dandelion yellow,100,56,240,182
image968.png,500,274,dandelion yellow,5,128,108,196
image968.png,500,274,dandelion yellow,6,175,101,265
102.png,2316,1544,clover,714,588,982,862
102.png,2316,1544,clover,325,660,619,950
102.png,2316,1544,clover,567,803,816,1056
102.png,2316,1544,clover,542,424,808,664
102.png,2316,1544,clover,872,260,1133,498
102.png,2316,1544,clover,1116,73,1463,409
102.png,2316,1544,clover,1114,369,1391,615
102.png,2316,1544,clover,1395,715,1648,990
102.png,2316,1544,clover,1016,807,1287,1079
102.png,2316,1544,clover,642,1001,989,1298
102.png,2316,1544,clover,938,1073,1265,1371
102.png,2316,1544,clover,1446,915,1746,1226
32.png,1740,1160,clover blossom white,292,446,502,654
32.png,1740,1160,clover blossom white,1133,336,1374,546
32.png,1740,1160,clover blossom white,1623,5,1740,228
32.png,1740,1160,clover blossom white,1353,1032,1523,1156
32.png,1740,1160,clover blossom white,551,1030,705,1160
32.png,1740,1160,clover blossom white,1,848,151,1050
32.png,1740,1160,clover blossom white,1,989,214,1160
32.png,1740,1160,clover,655,407,1104,771
32.png,1740,1160,clover,459,548,743,871
32.png,1740,1160,clover,1435,228,1740,538
32.png,1740,1160,clover,1155,9,1516,191
32.png,1740,1160,clover,851,3,1129,252
32.png,1740,1160,clover,55,536,359,815
32.png,1740,1160,clover,294,818,596,1128
32.png,1740,1160,clover,1025,603,1343,946
32.png,1740,1160,clover,355,7,749,318
32.png,1740,1160,clover,27,77,388,373
32.png,1740,1160,clover,725,962,1065,1160
images (8).png,275,183,yellow wood sorrel,71,68,101,98
images (8).png,275,183,yellow wood sorrel,119,105,146,132
images (8).png,275,183,yellow wood sorrel,137,79,158,101
images (8).png,275,183,yellow wood sorrel,207,31,224,53
images (8).png,275,183,clover,34,29,75,64
image480.png,320,212,dandelion white,198,19,304,125
image480.png,320,212,dandelion white,169,143,258,212
image480.png,320,212,dandelion white,23,124,122,212
image480.png,320,212,dandelion white,76,35,151,107
image480.png,320,212,dandelion white,120,2,192,69
image19.png,320,240,dandelion yellow,69,29,268,212
image724.png,500,333,dandelion yellow,204,212,228,233
image724.png,500,333,dandelion yellow,222,164,257,196
image724.png,500,333,dandelion yellow,272,174,304,203
image724.png,500,333,dandelion yellow,350,169,386,201
image724.png,500,333,dandelion yellow,318,240,349,270
image724.png,500,333,dandelion white,312,179,368,230
unnamed.png,512,342,clover,316,152,434,258
unnamed.png,512,342,clover,376,54,494,175
unnamed.png,512,342,clover,345,232,470,340
unnamed.png,512,342,clover,1,149,55,227
unnamed.png,512,342,clover,152,39,260,149
unnamed.png,512,342,clover,52,61,159,139
unnamed.png,512,342,clover,74,195,179,281
unnamed.png,512,342,yellow wood sorrel,210,143,261,193
unnamed.png,512,342,yellow wood sorrel,248,136,293,182
blogger-image-1488628365.png,640,336,yellow wood sorrel,116,30,155,64
blogger-image-1488628365.png,640,336,yellow wood sorrel,137,10,173,43
blogger-image-1488628365.png,640,336,yellow wood sorrel,121,99,154,133
blogger-image-1488628365.png,640,336,yellow wood sorrel,130,278,165,314
blogger-image-1488628365.png,640,336,yellow wood sorrel,492,183,539,219
blogger-image-1488628365.png,640,336,yellow wood sorrel,515,216,562,268
blogger-image-1488628365.png,640,336,clover,281,160,339,219
blogger-image-1488628365.png,640,336,clover,412,133,485,204
blogger-image-1488628365.png,640,336,clover,495,110,551,161
blogger-image-1488628365.png,640,336,clover,390,198,453,265
blogger-image-1488628365.png,640,336,clover,304,264,352,320
blogger-image-1488628365.png,640,336,clover,350,284,394,329
blogger-image-1488628365.png,640,336,clover,184,241,248,298
blogger-image-1488628365.png,640,336,clover,221,105,284,167
blogger-image-1488628365.png,640,336,clover,288,99,339,149
blogger-image-1488628365.png,640,336,clover,195,34,269,95
blogger-image-1488628365.png,640,336,clover,167,95,220,149
blogger-image-1488628365.png,640,336,clover,429,264,499,331
image216.png,171,240,dandelion white,44,70,82,97
image216.png,171,240,dandelion white,65,90,114,137
image216.png,171,240,dandelion white,120,99,160,136
image216.png,171,240,dandelion white,105,71,137,102
image216.png,171,240,dandelion white,1,126,56,174
image216.png,171,240,dandelion yellow,45,185,83,220
image216.png,171,240,dandelion yellow,98,138,142,169
image216.png,171,240,dandelion yellow,150,132,167,156
image216.png,171,240,dandelion yellow,112,195,145,231
image216.png,171,240,dandelion white,115,168,161,217
image830.png,500,333,dandelion white,157,32,366,235
105.png,512,343,clover,167,229,333,329
105.png,512,343,clover,274,141,391,307
105.png,512,343,clover blossom white,185,54,259,115
image25.png,320,241,dandelion yellow,153,93,262,194
FieldBindweedFlickrwht_wolf9653.png,640,426,bindweed,256,157,336,222
FieldBindweedFlickrwht_wolf9653.png,640,426,bindweed,314,184,395,260
image337.png,240,159,dandelion white,77,42,159,110
images (13).png,275,183,bull thistle,83,49,157,122
image282.png,320,240,dandelion yellow,152,56,199,99
image282.png,320,240,dandelion yellow,193,1,246,39
image282.png,320,240,dandelion white,117,93,215,187
image446.png,500,333,dandelion yellow,180,25,269,85
image446.png,500,333,dandelion yellow,286,128,389,222
image446.png,500,333,dandelion yellow,238,209,321,302
image446.png,500,333,dandelion yellow,134,163,230,265
Bindweed-in-bloom-768x1024.png,768,1024,bindweed,658,261,768,391
Bindweed-in-bloom-768x1024.png,768,1024,bindweed,343,552,484,694
Bindweed-in-bloom-768x1024.png,768,1024,bindweed,477,724,581,841
Bindweed-in-bloom-768x1024.png,768,1024,bindweed,552,780,651,903
Bindweed-in-bloom-768x1024.png,768,1024,bindweed,358,674,467,772
Bindweed-in-bloom-768x1024.png,768,1024,bindweed,211,541,333,672
Bindweed-in-bloom-768x1024.png,768,1024,bindweed,217,419,344,550
Bindweed-in-bloom-768x1024.png,768,1024,bindweed,145,308,280,467
Bindweed-in-bloom-768x1024.png,768,1024,bindweed,14,309,140,437
Bindweed-in-bloom-768x1024.png,768,1024,bindweed,67,417,197,550
Bindweed-in-bloom-768x1024.png,768,1024,bindweed,2,464,127,608
field-bindweed.png,2048,1536,bindweed,890,415,1102,627
field-bindweed.png,2048,1536,bindweed,970,754,1219,966
images (2).png,310,162,yellow wood sorrel,196,81,229,111
images (2).png,310,162,yellow wood sorrel,195,124,221,147
images (2).png,310,162,clover,144,108,193,152
images (2).png,310,162,clover,98,117,135,156
images (2).png,310,162,clover,62,114,95,148
images (2).png,310,162,clover,165,53,212,103
images (2).png,310,162,clover,242,118,295,162
images (2).png,310,162,clover,265,86,298,115
images (2).png,310,162,clover,253,43,304,86
images (2).png,310,162,clover,205,12,237,43
images (2).png,310,162,clover,3,109,50,162
images (2).png,310,162,clover,102,12,142,50
image783.png,320,241,dandelion white,65,36,264,227
112.png,1668,2224,clover,631,864,1175,1425
112.png,1668,2224,clover,45,1359,573,1827
112.png,1668,2224,clover,3,1808,477,2224
112.png,1668,2224,clover,412,1604,917,2101
112.png,1668,2224,clover,1257,1443,1536,1694
112.png,1668,2224,clover,705,318,1173,783
112.png,1668,2224,clover,12,192,585,841
112.png,1668,2224,yellow wood sorrel,754,1599,1057,1920
112.png,1668,2224,yellow wood sorrel,764,259,938,411
83.png,1500,1500,clover blossom purple,599,80,958,462
83.png,1500,1500,clover blossom purple,491,531,867,875
83.png,1500,1500,clover blossom purple,869,1292,1149,1500
83.png,1500,1500,clover blossom purple,257,6,567,123
398165e02a4145416634d3be1ecf83f302a200a4.png,530,528,yellow wood sorrel,278,277,354,352
398165e02a4145416634d3be1ecf83f302a200a4.png,530,528,yellow wood sorrel,467,166,529,221
398165e02a4145416634d3be1ecf83f302a200a4.png,530,528,yellow wood sorrel,458,356,517,409
398165e02a4145416634d3be1ecf83f302a200a4.png,530,528,yellow wood sorrel,5,299,61,353
398165e02a4145416634d3be1ecf83f302a200a4.png,530,528,clover,11,143,175,288
398165e02a4145416634d3be1ecf83f302a200a4.png,530,528,clover,198,172,354,297
398165e02a4145416634d3be1ecf83f302a200a4.png,530,528,clover,115,267,226,354
398165e02a4145416634d3be1ecf83f302a200a4.png,530,528,clover,358,12,451,97
398165e02a4145416634d3be1ecf83f302a200a4.png,530,528,clover,74,1,214,110
130.png,510,250,clover,123,29,211,115
130.png,510,250,clover,267,33,393,148
130.png,510,250,clover,155,99,290,230
91.png,500,406,clover blossom purple,255,85,365,181
91.png,500,406,clover,123,73,347,276
91.png,500,406,clover,336,133,500,330
91.png,500,406,clover,356,12,500,173
135.png,390,292,clover,98,100,219,221
135.png,390,292,clover,227,86,351,208
bull-thistle-400x266.png,400,266,bull thistle,136,38,236,144
4.png,300,225,clover,93,54,209,164
4.png,300,225,clover,176,129,296,225
4.png,300,225,clover,2,126,113,225
4.png,300,225,clover,229,49,300,144
4.png,300,225,clover,43,1,143,78
images (7).png,255,198,clover,76,84,135,144
images (7).png,255,198,clover,88,144,148,196
images (7).png,255,198,clover,163,55,220,116
images (7).png,255,198,clover,129,26,184,80
images (7).png,255,198,clover,166,6,215,50
images (7).png,255,198,clover,62,8,117,56
images (7).png,255,198,yellow wood sorrel,26,8,46,27
images (7).png,255,198,yellow wood sorrel,51,101,70,120
images (7).png,255,198,yellow wood sorrel,59,112,76,128
images (7).png,255,198,yellow wood sorrel,215,50,230,62
images (7).png,255,198,yellow wood sorrel,206,186,221,197
images (7).png,255,198,yellow wood sorrel,142,189,159,198
image7.png,320,240,dandelion yellow,83,55,221,195
image7.png,320,240,clover,198,93,262,164
image7.png,320,240,clover,72,1,147,64
image7.png,320,240,clover,200,21,279,110
image7.png,320,240,clover,66,144,151,240
image7.png,320,240,clover,1,1,79,89
image1028.png,156,240,dandelion white,14,41,85,106
image1028.png,156,240,dandelion white,60,87,127,154
bindweed.png,600,350,bindweed,154,4,261,94
bindweed.png,600,350,bindweed,51,111,164,196
bindweed.png,600,350,bindweed,178,246,283,333
bindweed.png,600,350,bindweed,102,247,196,319
bindweed.png,600,350,bindweed,297,229,397,306
bindweed.png,600,350,bindweed,372,201,463,289
bindweed.png,600,350,bindweed,324,77,387,161
bindweed.png,600,350,bindweed,483,87,561,165
bindweed.png,600,350,bindweed,548,160,600,233
bindweed.png,600,350,bindweed,418,41,511,133
image260.png,500,271,dandelion yellow,159,44,387,235
download (1).png,268,188,yellow wood sorrel,52,56,114,119
download (1).png,268,188,yellow wood sorrel,124,110,186,178
download (1).png,268,188,clover,165,1,268,139
download (1).png,268,188,clover,18,88,107,176
images (21).png,266,190,bindweed,196,97,220,121
images (21).png,266,190,bindweed,205,112,231,136
image711.png,500,333,dandelion yellow,329,40,449,148
maxresdefault.png,1280,720,yellow wood sorrel,605,277,674,342
maxresdefault.png,1280,720,yellow wood sorrel,480,380,539,427
maxresdefault.png,1280,720,yellow wood sorrel,355,393,389,437
maxresdefault.png,1280,720,yellow wood sorrel,1068,381,1123,440
maxresdefault.png,1280,720,yellow wood sorrel,308,98,350,140
maxresdefault.png,1280,720,yellow wood sorrel,258,170,303,219
maxresdefault.png,1280,720,yellow wood sorrel,223,323,277,366
maxresdefault.png,1280,720,yellow wood sorrel,106,373,168,442
maxresdefault.png,1280,720,clover,61,513,185,623
maxresdefault.png,1280,720,clover,149,434,262,543
maxresdefault.png,1280,720,clover,243,342,341,436
maxresdefault.png,1280,720,clover,123,620,233,711
maxresdefault.png,1280,720,clover,327,498,444,623
maxresdefault.png,1280,720,clover,576,477,696,613
maxresdefault.png,1280,720,clover,538,601,630,710
maxresdefault.png,1280,720,clover,508,172,617,280
maxresdefault.png,1280,720,clover,412,214,533,351
maxresdefault.png,1280,720,clover,664,596,779,711
maxresdefault.png,1280,720,clover,791,436,902,543
maxresdefault.png,1280,720,clover,882,301,1086,464
maxresdefault.png,1280,720,clover,974,442,1144,614
maxresdefault.png,1280,720,clover,1143,428,1276,589
maxresdefault.png,1280,720,clover,1112,613,1267,716
maxresdefault.png,1280,720,clover,714,307,864,434
maxresdefault.png,1280,720,clover,393,66,494,155
image616.png,320,228,dandelion white,96,1,205,98
image616.png,320,228,dandelion yellow,48,94,218,228
116.png,455,480,clover,79,225,175,322
116.png,455,480,clover,308,129,419,223
116.png,455,480,clover,156,175,251,276
116.png,455,480,clover,1,71,112,185
116.png,455,480,clover,1,314,104,402
116.png,455,480,clover,209,258,312,345
116.png,455,480,clover,373,403,442,479
116.png,455,480,clover,400,333,453,384
116.png,455,480,clover,322,1,443,89
116.png,455,480,clover,272,47,356,149
116.png,455,480,clover,202,95,304,211
116.png,455,480,clover,113,19,255,120
116.png,455,480,clover,215,321,305,423
image219.png,500,332,dandelion yellow,98,29,394,326
image436.png,320,240,dandelion white,73,26,257,204
image436.png,320,240,dandelion white,1,102,96,222
image585.png,500,332,dandelion white,212,98,376,246
95.png,1669,2188,clover blossom purple,399,353,1333,1128
image292.png,240,180,dandelion yellow,85,12,226,169
download (6).png,259,194,bull thistle,67,37,141,148
download (6).png,259,194,bull thistle,137,64,226,168
download (6).png,259,194,bull thistle,39,98,72,134
download (6).png,259,194,bull thistle,57,68,84,101
images (16).png,202,249,bull thistle,95,14,178,118
97.png,700,500,clover blossom purple,69,295,162,403
97.png,700,500,clover blossom purple,270,242,352,331
97.png,700,500,clover blossom purple,91,139,188,227
97.png,700,500,clover blossom purple,93,65,169,136
97.png,700,500,clover blossom purple,354,161,444,251
97.png,700,500,clover blossom purple,314,181,373,239
97.png,700,500,clover blossom purple,456,194,547,297
97.png,700,500,clover blossom purple,610,7,690,86
97.png,700,500,clover blossom purple,490,47,556,108
97.png,700,500,clover blossom purple,422,112,509,191
download (5).png,183,275,bull thistle,84,71,101,91
bullthistle10 (1).png,600,460,bull thistle,125,20,437,401
image294.png,240,180,dandelion white,84,45,160,113
woodsorrel-plant-big.png,750,501,yellow wood sorrel,359,157,395,194
woodsorrel-plant-big.png,750,501,yellow wood sorrel,499,150,537,186
woodsorrel-plant-big.png,750,501,yellow wood sorrel,485,288,517,324
woodsorrel-plant-big.png,750,501,yellow wood sorrel,340,274,381,315
woodsorrel-plant-big.png,750,501,yellow wood sorrel,235,136,274,168
woodsorrel-plant-big.png,750,501,yellow wood sorrel,1,130,32,167
woodsorrel-plant-big.png,750,501,yellow wood sorrel,215,267,247,296
woodsorrel-plant-big.png,750,501,clover,123,107,203,182
woodsorrel-plant-big.png,750,501,clover,309,49,384,128
woodsorrel-plant-big.png,750,501,clover,417,86,485,156
woodsorrel-plant-big.png,750,501,clover,400,205,495,292
woodsorrel-plant-big.png,750,501,clover,393,304,488,391
woodsorrel-plant-big.png,750,501,clover,153,384,255,490
woodsorrel-plant-big.png,750,501,clover,94,205,198,306
woodsorrel-plant-big.png,750,501,clover,5,283,95,370
woodsorrel-plant-big.png,750,501,clover,220,160,297,234
woodsorrel-plant-big.png,750,501,clover,295,197,382,276
woodsorrel-plant-big.png,750,501,clover,545,155,636,240
woodsorrel-plant-big.png,750,501,clover,433,386,510,458
100.png,400,300,clover blossom purple,189,61,265,136
100.png,400,300,clover blossom purple,263,104,335,197
100.png,400,300,clover blossom purple,206,233,270,290
100.png,400,300,clover blossom purple,50,157,124,238
100.png,400,300,clover blossom purple,113,85,156,133
100.png,400,300,clover blossom purple,43,6,90,52
99.png,380,285,clover blossom purple,68,48,287,271
image429.png,500,334,dandelion white,183,122,294,219
images (6).png,194,259,yellow wood sorrel,96,126,139,167
images (6).png,194,259,yellow wood sorrel,62,164,101,202
images (6).png,194,259,yellow wood sorrel,71,7,111,45
images (6).png,194,259,yellow wood sorrel,158,26,194,59
images (6).png,194,259,clover,27,66,101,137
images (6).png,194,259,clover,71,178,145,258
images (6).png,194,259,clover,139,181,194,243
images (6).png,194,259,clover,1,132,39,201
images (6).png,194,259,clover,1,1,62,76
images (6).png,194,259,clover,160,90,194,155
Bull+thistle+flower+head+-+Licher.png,1000,1000,bull thistle,240,42,781,752
image220.png,500,359,dandelion white,145,70,305,223
hedge-bindweed-flower-plant-blossom.png,890,432,bindweed,327,144,497,313
90.png,1080,1080,clover blossom purple,185,195,573,603
90.png,1080,1080,clover blossom purple,975,64,1080,237
90.png,1080,1080,clover blossom purple,460,3,595,113
90.png,1080,1080,clover blossom purple,546,121,663,206
90.png,1080,1080,clover blossom purple,4,677,176,841
0.png,750,500,clover,70,220,249,347
0.png,750,500,clover,311,344,487,499
0.png,750,500,clover,538,358,669,500
0.png,750,500,clover blossom white,458,118,629,243
0.png,750,500,clover blossom white,264,28,427,182
0.png,750,500,clover blossom white,81,63,245,215
0.png,750,500,clover blossom white,645,31,727,106
0.png,750,500,clover,321,230,529,377
bull-thistle-flower (1).png,225,268,bull thistle,25,65,150,187
image257.png,240,180,dandelion white,101,56,151,101
